https://sports.news.naver.com/kbaseball/news/read?oid=477&aid=0000430929,"▲ 최원호 감독 ⓒ곽혜미 기자


[스포티비뉴스=최민우 기자] 한화 이글스 최원호 감독이 승리에 흡족해 했다.

한화는 25일 대전 한화생명이글스파크에서 열린 KIA 타이거즈와 홈경기에 4-3으로 이겼다. 위닝시리즈를 따낸 한화. 시즌전적 15승 3무 25패가 됐다.

경기에서는 박상언의 활약이 돋보였다. 타석에서는 3타수 1안타 1볼넷 2타점을 기록했다. 3-3으로 팽팽하게 맞선 6회 2사 2루 때 박상언은 1타점 중전 안타를 쳤다. 이날 결승타다.

포수로서 역할도 다했다. 7회 1사 2루 때 박찬호가 도루를 시도하자, 박상언은 재빨리 3루로 공을 뿌려 태그아웃 시켰다.

최 감독은 ""3루 도루를 저지하고 결승타까지 신고한 박상언을 칭찬해주고 싶다""며 칭찬을 아끼지 않았다.

선발 투수 문동주가 4이닝 5피안타 3사사구 2탈삼진 3실점으로 강판되자, 김범수와 윤대경, 정우람, 강재민, 박상원 등 5명의 불펜진이 동원돼 경기를 마무리했다.

최 감독은 ""김범수를 시작으로 마무리 박상원까지 불펜들이 경기를 잘 막아주어 승리할 수 있었다""며 엄지를 추켜세웠다.

기사제공 스포티비뉴스
최민우 기자(miru0424@spotv.net)
현장에서 작성된 기사입니다.
Copyright ⓒ 스포티비뉴스. All rights reserved. 무단 전재 및 재배포 금지.
기사 섹션 분류 가이드
손흥민, 이강인, 김민재 활약상 보러가기
▶스포티비뉴스 엔터팀 신입·경력 기자 채용 알림"
https://sports.news.naver.com/kbaseball/news/read?oid=477&aid=0000430928,"▲ 박세웅 ⓒ롯데 자이언츠


[스포티비뉴스=사직, 윤욱재 기자] 이제 '안경 에이스'도 부활했다. 롯데가 3강 구도를 이어갈 수 있는 발판을 마련한 것과 다름 없다.

롯데의 '안경 에이스' 박세웅(28)의 무결점 쾌투가 사직벌을 들썩이게 했다.

박세웅은 25일 부산 사직구장에서 열린 '2023 신한은행 SOL KBO 리그' NC와의 경기에서 선발투수로 등판, 7이닝 2피안타 무실점으로 호투했다.

이날 투구수는 105개였고 최고 구속은 150km까지 찍혔다. 볼넷도 1개가 전부였다. 그러면서 삼진은 8개를 잡았으니 그야말로 완벽한 피칭이었다.

박세웅이 가장 만족한 부분도 바로 7이닝이라는 긴 이닝을 소화하면서 볼넷은 1개만 허용한 점이었다. 경기 후 박세웅은 ""많은 이닝과 적은 사사구가 가장 기분 좋았다. 작년에 비해 사사구 비율이 조금 높았던 것이 제일 마음에 걸리는 부분이었다""라고 말했다.

이전에 박세웅이 좋은 결과를 얻지 못할 때는 잦은 풀카운트 승부로 투구수 관리가 원활하지 않았던 것이 사실. ""내가 생각해도 이전에는 2스트라이크 이후에 볼이 많았는데 스트라이크존 근처로 향하는 로케이션이 좋아지면서 좋은 결과로 이어졌다""는 박세웅은 포수 정보근과 호흡에 대해서는 ""(정)보근이와 경기 전에 커브와 포크볼의 로케이션과 볼배합을 가지고 경기에 임하면 좋을 것 같다는 이야기를 나눠서 그 부분에 신경을 쓰고 투구했다""라고 이야기했다.

과연 자신이 생각하기에 페이스가 얼마나 올라왔다고 생각할까. ""작년 초에 페이스가 가장 좋았던 것 같다. 지금은 작년 초까지는 아니더라도 그것과 가깝게 70~80%까지는 올라왔다고 생각하고 있다""는 것이 박세웅의 말이다.

지금 롯데는 엄청 뜨거운 분위기를 자랑한다. 이날 승리로 NC와의 3연전 또한 위닝시리즈를 거두면서 SSG, LG와 3강 구도를 이어가고 있다. 박세웅은 ""지금 우리가 승패 마진을 더 벌릴 수 있을 때 벌려놔야 나중에 조금 좋지 않더라도 승패 마진이 크게 줄지 않기 때문에 이길 수 있을 때 많이 이기고 싶은 생각이 든다""라고 의지를 불태웠다. 롯데는 24승 15패로 승패 마진을 +9까지 벌린 상태. 과연 롯데가 박세웅의 의지처럼 넉넉한 승패 마진을 확보하면서 안정적인 레이스를 이어 나갈 수 있을까.

기사제공 스포티비뉴스
윤욱재 기자(wj38@spotv.net)
현장에서 작성된 기사입니다.
윤욱재 기자
구독


구독자
819
응원수
191
50억에 바뀐 롯데-NC 라이벌전 판도, 1할타자인데 공포 그 자체다
벌써 10SV에 10홀드 듀오 탄생…롯데 철벽뒷문, 구단 역사까지 바꿨다
Copyright ⓒ 스포티비뉴스. All rights reserved. 무단 전재 및 재배포 금지.
기사 섹션 분류 가이드
손흥민, 이강인, 김민재 활약상 보러가기
▶스포티비뉴스 엔터팀 신입·경력 기자 채용 알림"
https://sports.news.naver.com/kbaseball/news/read?oid=410&aid=0000940049,"영웅들은 고개를 숙였다.

홍원기 감독이 지휘하는 키움 히어로즈는 25일 수원KT위즈파크에서 열린 2023 신한은행 SOL KBO리그 KT 위즈와 시즌 6차전서 0-3으로 완패하며 2연패에 빠졌다.

이날 키움은 아쉬운 플레이가 꽤 있었다. 마운드는 제 역할을 했다. 선발로 나선 에릭 요키시는 5이닝 2실점, 하영민은 1이닝 무실점, 원종현은 0.2이닝 1실점, 김동혁은 1.1이닝 무실점을 기록했다. KT 타선에 11안타를 내줬지만 3실점으로 꾸역 꾸역 막았다.

키움은 고개를 숙였다. 사진=김영구 기자
그러나 야수진의 침묵과 수비 집중력이 아쉬웠다.

먼저 2회말 수비를 보자. 선두타자 장성우가 안타를 치고 나갔다. 이어 김민혁의 땅볼 때 아웃카운트를 추가하며 1사 주자 1루. 박경수를 상대했다. 김민혁이 중간에 도루로 2루까지 갔고, 이후 박경수가 좌익수와 중견수 사이로 뜬공 타구를 날렸다. 쉽게 잡을 수 있는 타구. 그러나 좌익수 이지열과 중견수 이정후의 콜플레이 미스가 나왔다. 아무도 잡지 못했다. 결국 놓쳤다. 2사 2루가 아닌 1사 1, 3루가 되었다. 요키시는 고개를 숙였다. 이호연의 내야 안타 때 김민혁이 홈을 밟았다. 허무하게 선취점을 내줬다.

그리고 7회였다. 0-2로 뒤진 상황에서 요키시, 하영민의 뒤를 이어 원종현이 올라왔다. 선두타자 박경수에게 2루타를 허용했다. 대주자 이상호로 교체. 다음 타자 이호연이 1루수 쪽으로 땅볼 타구를 날렸다. 1루수 이원석이 바로잡아 3루 쪽으로 던졌다. 그러나 3루수 김휘집이 잡을 수 없을 정도의 악송구를 범했고, 결국 이상호는 2루에서 3루를 돌아 홈을 밟았다. 이원석은 고개를 숙였다.

수비 집중력이 흔들린데 이어 방망이도 조용했다. 김혜성이 멀티히트를 기록했으나 후속타가 터지지 않았다. 5안타로 침묵했다. 6회 선두타자가 나가고, 7회 무사 주자 1, 2회가 있었으나 모두 살리지 못했다. 마지막 9회에 선두타자 임지열이 안타를 치고 나갔으나 후속타 불발로 아쉬움을 남겼다. 이원석이 김재윤과 13구까지 가는 승부를 펼치며 어떻게 해서든 출루를 하려고 했으나 아웃으로 물러났다.

결국 키움은 2연패에 빠지며 순위 반등에 실패했다. 19승 26패로 8위에 자리한 키움은 어느덧 9위 한화 이글스와 격차가 1.5게임 차로 좁혀졌다. 수비 집중력도 아쉬웠고, 방망이도 조용했다. 주중 3연전서 총 4점 획득에 그쳤다.

내일은 웃을 수 있을까. 키움은 26일부터 28일까지 고척 홈에서 롯데 자이언츠와 주말 3연전을 가진다. 26일 선발로 아리엘 후라도를 예고했다.

기사제공 MK스포츠
이정원 MK스포츠 기자(2garden@maekyung.com)
현장에서 작성된 기사입니다.
이정원 기자
구독


구독자
1,716
응원수
759
‘복귀전서 데뷔 첫 홈런’ 21세 9R 외야수→백쇼 부활→끝판대장 한미일 497SV…박진만호, 날개 달다
‘KT 또 부상 악재’ 롯데 출신 29세 포수, 발가락 골절로 말소…안우진 킬러는 허리 통증→선발 제외 [MK현장]
Copyright ⓒ MK스포츠 . All rights reserved. 무단 전재 및 재배포 금지.
기사 섹션 분류 가이드"
https://sports.news.naver.com/kbaseball/news/read?oid=421&aid=0006830544,"두산전서 연장 11회말 끝내기 안타로 승리 견인
""떨어진 자존감 되살린 계기, 이겨내고 버텨내겠다""
두산 김재호. 2022.5.17/뉴스1 ⓒ News1 김진환 기자


(서울=뉴스1) 서장원 기자 = 두산 베어스 최고참 김재호(38)가 극적인 끝내기 안타로 팀에 귀중한 승리를 선물했다.

김재호는 25일 서울 잠실 구장에서 열린 2023 신한은행 SOL KBO리그 삼성 라이온즈와 홈 경기에 7번 타자 3루수로 선발 출전해 연장 11회말 경기에 마침표를 찍는 끝내기 안타를 터뜨렸다.

베테랑의 노련한 타격이 빛났다. 2사 만루 찬스에서 홍정우를 상대한 김재호는 2볼-1스트라이크의 유리한 볼카운드에서 한 가운데 몰린 4구째 직구를 놓치지 않고 그대로 받아쳐 좌전 안타를 만들어냈다.

최고참의 끝내기 안타에 더그아웃에 있던 모든 동료 선수들이 그라운드로 나와 함께 기쁨을 나눴다. 이승엽 감독도 경기 후 ""노림수와 타격 모두 완벽했다""고 극찬했다.

김재호의 끝내기 안타는 개인 통산 4번째이자 지난 2020년 6월6일 잠실 KIA 타이거즈전 이후 3년 만이다.

경기 후 김재호는 ""만루 상황이었고 상대 투수가 직구만 던지길래 힘으로 밀어낼 것이라는 생각을 했다. 직구에 늦게 반응하지 말자는 생각으로 임했는데 좋은 결과로 이어졌다""고 끝내기 안타 상황을 돌아봤다.

'천재 유격수'라는 수식어와 함께 전성기를 보낸 김재호는 최근 몇 년 사이 경쟁에서 밀리면서 경기 출전 횟수가 눈에 띄게 줄었다. 입지가 좁아진 상황에서 이날 오랜만에 선발 출전 기회를 잡았는데, 결정적인 순간 진가를 발휘하며 베테랑은 살아있다는 걸 증명했다.

김재호는 ""(아직 죽지 않았다는 걸) 보여주고 싶었다. 최근 자존감이 너무 많이 떨어져서 이번 기회를 통해 끌어올리고 싶었는데 다행히 맞아떨어졌다""고 말했다.

김재호는 2군에서의 생활도 큰 도움이 됐다고 말했다.

그는 ""경쟁력을 살리려면 수비보다 공격에서 뭔가를 보여줘야 한다고 생각했다. 그래서 2군에서도 공격에 중점을 두고 훈련을 했다. 1군에서 경기에 못나가니까 실전 감각이 많이 떨어졌었는데 2군에서 경기에 자주 나가 감을 찾는데 도움이 됐다. 이정훈 감독님하고도 많이 얘기하면서 좋은 시간을 보냈다""고 설명했다.

겉으로 내색하지 않았지만 1군에서 입지가 줄어들면서 김재호는 적잖이 마음 고생을 했다.

김재호는 ""타석 들어가는 것 자체가 가시방석이었다. 몸도 예전 같지 않고 부상도 잦아서 어떻게 이겨낼까 몰두했는데 오히려 그것에 너무 얽매이다보니 더 안풀렸다""고 말했다.

이어 ""성적이 안나다보니 사람들에게 점점 잊혀져가고 질타도 많이 받았다. 결국 이런 것들이 자존감 하락으로 이어졌다. 캠프에서 많이 노력했지만 시즌 초반에 결과가 안나왔는데, 지금은 어느 정도 자신감을 찾고 있는 단계인 것 같다""고 덧붙였다.

김재호는 올해로 두산과 맺은 3년 계약이 모두 끝난다. 후회 없는 시즌을 만드는 게 올해 김재호의 목표다.

김재호는 ""솔직히 이제는 경쟁도 쉽지 않은 상황이다. 팀에 어린 선수들이 많고 나는 전성기가 지난 선수다. 그럼에도 상황을 꿋꿋이 이겨내고 버텨내는 선수가 되고 싶다. 2군보다 1군에서 더 많은 시간을 함께하고 싶다""고 말했다.
기사제공 뉴스1
서장원 기자 (superpower@news1.kr)
현장에서 작성된 기사입니다.
서장원 기자
구독


구독자
1,159
응원수
255
서울교육청, 프로야구 단장 아들 '학폭' 의혹 조사
'박동원 멀티포' LG, SSG 잡고 단독선두…두산은 '11회 끝내기' 승(종합)
Copyright ⓒ 뉴스1. All rights reserved. 무단 전재 및 재배포 금지.
기사 섹션 분류 가이드
네이버에서 [뉴스1]을 구독하세요
세상에 이런 일이...[사건의 재구성]"
https://sports.news.naver.com/kbaseball/news/read?oid=144&aid=0000889609,"두산 김재호가 25일 잠실 삼성전 끝내기 안타를 때린 후 취재진과 만나 인터뷰하고 있다.


1군 콜업 사흘째, 3년 만의 끝내기 안타. 두산 최고참 김재호(38)가 팀 승리를 결정지었다. 박치국과 정철원이 3연투하고, 마무리 홍건희가 멀티이닝을 소화하는 등 모든 걸 쏟아부은 경기에서 나온 더없이 귀중한 안타였다.

김재호는 25일 잠실 삼성전 3-3 동점이던 연장 11회말 2사 만루에서 홍정우의 4구째를 받아쳐 경기를 끝냈다. 프로 데뷔 후 4번째, 2020년 6월6일 잠실 KIA전 이후 3년 만에 나온 끝내기 안타였다.

김재호는 경기 후 취재진과 만나 “뭔가 보여주고 싶었다. 그동안 자존감이 자꾸 떨어졌는데, 퓨처스에 다녀온게 제게는 그래도 좋은 시간이 되었던 것 같다”고 말했다.

김재호는 이날 경기 전까지 불과 12경기 출장에 타율 0.200으로 부진했다. 지난 5일 1군 엔트리 말소 통보를 받았고, 18일 만인 지난 23일에야 복귀했다. 스무 살 가까이 나이 차이가 나는 어린 후배들과 퓨처스리그에서 부대끼는 게 말처럼 쉽지는 않았다. “야구선수한테 나이가 어디 있느냐”는 이정훈 두산 퓨처스 감독의 이야기를 듣고 마음을 다잡았다고 했다.

올해 뿐만 아니다. 김재호는 2021시즌 타율 0.209를 쳤고, 지난해에도 0.215에 그쳤다. 두산 왕조의 주전 유격수로 7년 연속 한국시리즈를 이끈 천재 유격수도 세월의 바람을 온전히 비껴갈 수는 없었다. 김재호는 “결과를 못내니까, 사람들한테 잊히고 질타도 많이 받았다. 한 3년간 가시방석 같았다”면서 “어떻게든 (감각을) 찾으려고 노력했지만 몸도 예전같지 않았다”고 말했다. 나이가 들면서 크고 작은 부상이 이어졌고, 부상을 어떻게 이겨내느냐에 얽매이다 보니 더 안좋은 결과로 이어졌다.

김재호는 퓨처스리그에서 공격적인 부분에 신경을 많이 썼다고 했다. 수비로 정평이 난 김재호지만, 1군에서 경쟁력을 유지하기 위해서는 일정 수준 이상의 타격은 해내야 하기 때문이다. 김재호는 “퓨처스 경기를 많이 뛰면서 어떻게 하면 타격 밸런스를 찾을 수 있을 지 많이 신경 썼다”고 말했다.

두산은 아직 김재호의 후계자를 찾지 못했다. 이유찬과 안재석이 경쟁했지만, 이유찬은 2루수로 출장 중이고 안재석은 이달 초 부상으로 엔트리 말소됐다. 최근 들어서는 박계범이 선발 유격수로 나오는 중이다.

김재호는 “후배들이 좀 못되게 굴었으면 좋겠다”고 말했다. 경쟁 상대가 누구든 간에 자기 포지션을 차지하려면 독하게 야구를 해야 한다는 뜻이다. 그 역시도 어린 시절 ‘못되게’ 야구를 하지 못했기 때문에 더 해주고 싶은 말이다. 김재호는 “어릴 때 (손)시헌이 형 보면서 내가 맘 속으로 그 형이 잘됐으면 좋겠다는 그런 마음을 먹었었다. 그런 마음 자체가 이미 지고 들어가는 것”이라고 말했다.

김재호는 “후배들이 속으로는 이를 갈았으면 좋겠다. 너무 착하다 보니 실패의 두려움도 많고, 뭔가 보여주지도 못하고 끝나는 게 너무 아쉽다”고 말했다. 물론 그 역시 다시 1군에 올라온 이상 유격수 경쟁에서 물러설 생각은 없다. 김재호는 “저도 (유격수 후배들) 미워할 거에요”라며 옅게 웃었다.

김재호는 최후의 최후까지 1군 그라운드에 남고 싶다고 했다. “베어스 선배님들이 어떻게 보면 끝까지 (1군) 경기를 하지 못하고, 2군에서 생활하다가 끝이 나고 이런 부분들이 많았다”면서 “끝까지 1군 그라운드에서 함께 하고 싶다. 그렇게 하다가 끝낼 때 끝낼 수 있는 그런 선수가 되고 싶다”고 말했다.

잠실 | 심진용 기자 sim@kyunghyang.com
기사제공 스포츠경향
잠실 | 심진용 기자 sim@kyunghyang.com
현장에서 작성된 기사입니다.
심진용 기자
구독


구독자
241
응원수
102
6이닝 노히트, 146㎞ 직구로 돌아온 NC 이재학 “과감한 도전으로 시즌 준비했다”[스경x인터뷰]
부진 이후 더 강해지는 21세 신인 선발, 두산의 히트 상품 김동주
Copyright ⓒ 스포츠경향. All rights reserved. 무단 전재 및 재배포 금지.
기사 섹션 분류 가이드
스포츠경향 인기 무료만화 보기
지금 옆사람이 보고있는 뉴스"
https://sports.news.naver.com/kbaseball/news/read?oid=108&aid=0003155145,"[스타뉴스 | 잠실=안호근 기자]
두산 박정수가 25일 삼성전 11회초 등판해 뜬공을 유도한 뒤 타구를 바라보고 있다. /사진=두산 베어스
역투하고 있는 박정수. /사진=두산 베어스
선발 최승용의 눈부신 호투에도 타선은 애를 먹었고 결국 승부는 연장으로 향했다. 필승조를 중심으로 불펜 투수 4명을 활용했고 11회초 승부처에서 소방수로 나선 건 박정수(27·두산 베어스)였다.

박정수는 25일 서울 잠실구장에서 열린 두산 베어스와 2023 신한은행 SOL KBO리그 홈경기에서 양 팀이 3-3으로 맞선 11회초 무사 주자 2루에서 구원 등판해 삼자범퇴로 1이닝을 막아냈다.

11회말 두산이 상대 실책과 김재호의 끝내기 안타로 4-3 승리하며 박정수는 시즌 첫 승리의 주인공이 됐다.

좀처럼 승부를 예상하기 힘든 경기였다. 양 팀 선발 투수들의 호투가 펼쳐졌고 필승조가 가동되며 9회까지 승리팀을 찾지 못했다.

연장 10회 삼성이 한 점을 내며 승기를 잡는 듯 했으나 두산은 포기하지 않고 1점을 만회하며 경기를 11회까지 끌고갔다.

박정수. /사진=두산 베어스
11회초 마운드에 오른 건 2년차 좌투수 이병헌. 그러나 0-2로 유리한 볼카운트에서 연속 볼 4개를 던지며 주자를 출루시키더니 바뀐 대주자 안주형을 의식한 듯 1루수 미트를 크게 벗어나는 견제구 실책까지 범했다.

두산 벤치가 움직였다. 이병헌을 과김히 내리고 우투수 박정수를 택했다. 박치국과 정철원은 이미 등판한 뒤였고 2이닝을 던진 마무리 홍건희도 10회 1실점하고 물러난 터. 어깨가 무거웠지만 박정수는 김태군의 보내기 번트로 1사 3루 위기에 몰리고도 김영웅에게 허를 찌르는 커브로 루킹 삼진을 잡아냈고 대타 김현준에게 좌익수 파울플라이를 유도해 이닝을 매조졌다.

위기 뒤 기회, 기회 뒤 위기라는 말이 딱 들어맞았다. 기회를 살리지 못한 삼성은 흔들렸고 두산은 이 틈을 놓치지 않고 파고 들었다. 선두 타자 김재환의 타구를 삼성 2루수 김동진이 놓쳤고 2사 1,2루에서 평범한 1루 파울 라인 바깥 뜬공을 이태훈이 놓쳤다. 이후 볼넷과 김재호의 끝내기 좌전 안타로 경기는 두산의 승리로 막을 내렸다.

김재호(오른쪽)의 끝내기 안타로 승리를 거둔 두산 선수들이 세리머니를 하고 있다. /사진=두산 베어스
이승엽 두산 감독은 김재호와 함께 박정수를 수훈갑으로 꼽았다. 이 감독은 ""마운드에서는 위기 상황에서 무실점 피칭을 한 박정수의 배짱이 빛났다""고 칭찬했다.

박정수는 ""힘든 상황이었지만 '무조건 막겠다'고 각오하며 마운드에 올랐다. 잘 막아서 다행""이라며 ""11회초를 막은 뒤 벤치 분위기가 모두 간절했다. 나 역시 개인이 아닌 팀 승리를 정말 응원했다""고 소감을 전했다.

올 시즌 아직 1군보다는 2군에서 보낸 시간이 더 많다. 이날까지 단 4경기, 7⅔이닝이 그에게 주어진 기회의 전부였다. 그러나 자신감 하나 만큼은 누구에게도 뒤처지지 않는다. ""컨디션은 좋고 아픈 곳도 하나도 없다""며 ""항상 흐름이 좋다가 아프면서 무너졌는데 트레이닝파트에서 신경을 많이 써주시고 나 역시 스케줄을 잘 소화하고 있다""고 말했다.

이날을 계기로 이승엽 감독에게 확실한 눈도장을 찍었다. 박정수는 ""중요한 상황에 나간 경험이 많지 않아 긴장됐던 것도 사실""이라면서도 ""계속 잘 던진다면 중요한 상황에 등판할 수 있지 않을까. 더 열심히 준비하겠다""고 각오를 다졌다.

11회 위기를 벗어난 뒤 마운드에서 내려오고 있는 박정수. /사진=두산 베어스
기사제공 스타뉴스
잠실=안호근 기자 (oranc317@mtstarnews.com)
현장에서 작성된 기사입니다.
안호근 기자
구독


구독자
669
응원수
158
스포츠의 감동을 전하겠습니다.
'타율 0.125-몸값 12억' 오그레디 또! 2군행... 다가오는 그 시간, 반전활약이 필요하다
원태인 피홈런 악몽 지웠지만... 13안타 맞고 강판, 선발 전원안타 희생양까지 [잠실 현장]
Copyright ⓒ 스타뉴스. All rights reserved. 무단 전재 및 재배포 금지.
기사 섹션 분류 가이드
스타뉴스 TV
스타뉴스 핫이슈"
https://sports.news.naver.com/kbaseball/news/read?oid=468&aid=0000947350,"두산 이승엽 감독이 25일 잠실구장에서 열린 2023 KBO리그 삼성과 경기에서 김한수 코치와 이야기를 나누고 있다. 2023. 5. 25. 사진 | 잠실=최승섭기자 thunder@sportsseoul.com

[스포츠서울 | 잠실=김동영기자] 두산이 삼성에 짜릿한 재역전 끝내기 승리를 거뒀다. 베테랑 김재호(38)가 끝냈다. 이승엽(47) 감독도 호평을 남겼다.

두산은 25일 잠실구장에서 열린 2023 KBO리그 정규시즌 삼성과 주중 3연전 마지막 경기에서 선발 최승용의 퀄리티스타트(QS) 호투와 연장 11회말 터진 김재호의 끝내기 안타를 앞세워 4-3의 재역전승을 거뒀다.

김재호는 시즌 14호, 통산 1260호 끝내기 안타의 주인공이 됐다. 개인으로는 4번째다. 2020년 6월6일 잠실 KIA전 이후 1083일 만에 끝내기 안타를 때렸다.

덕분에 두산도 위닝시리즈다. 1차전에서 7-5로 이겼고, 전날 1-6으로 졌다. 이날도 패할 뻔했다. 그러나 끈질기게 붙었고, 재역전승까지 완성했다. 2승 1패로 기분 좋게 마쳤다.

선발 최승용은 6이닝 6피안타 1볼넷 1사구 3탈삼진 2실점의 QS 호투를 펼쳤다. 박치국이 7회 등판해 1이닝 1피안타 1탈삼진 무실점을 만들었다. 8회 정철원이 올라왔고, 1이닝 무실점으로 막았다.

홍건희가 2이닝 2피안타 1볼넷 2탈삼진 1실점으로 삐끗했다. 타선 덕분에 패전 위기에서 벗어났다. 11회초 이병헌이 0이닝 1볼넷 무실점을 기록했고, 박정수가 위기에서 1이닝 1탈삼진 무실점으로 막았다. 승리투수도 됐다. 올시즌 첫 승이다.

타선에서는 김재호가 끝내기 안타 포함 2안타 1타점 1득점 1볼넷으로 날았다. 양석환이 1안타 2타점을 생산했고, 김재환이 2안타 경기를 치렀다.

정수빈이 10회말 동점 번트 안타를 치는 등 1안타 1타점 1도루를 만들었다. 안승한도 1안타 1득점을 기록했다. 양의지가 대타로 나서 2루타를 하나 때렸다. 이 2루타가 10회말 나왔고, 동점의 발판이 됐다.

경기 후 이승엽 감독은 “최고참 김재호가 최고의 타격으로 팀에 귀중한 1승을 안겼다. 노림수와 타격 모두 완벽했다”며 반색했다.

이어 “마운드에서는 위기 상황에서 무실점 피칭을 한 박정수의 배짱이 빛났다. 승리투수가 되지 못했지만 선발 최승용도 자신의 몫을 다했다”고 덧붙였다. raining99@sportsseoul.com

기사제공 스포츠서울
김동영 기자
현장에서 작성된 기사입니다.
김동영 기자
구독


구독자
1,345
응원수
288
‘멈칫→폭풍 질주→결승 득점’ 팀 구한 김현준, 정작 표정은 밝지 않았다 [SS시선집중]
‘몸살’ 김현준-‘담 증세’ 강한울 선발 제외...삼성, 또 ‘구멍’ 발생 [SS시선집중]
Copyright ⓒ 스포츠서울. All rights reserved. 무단 전재 및 재배포 금지.
기사 섹션 분류 가이드"
https://sports.news.naver.com/kbaseball/news/read?oid=241&aid=0003278225,"2023 KBO 프로야구 SSG랜더스와 LG트윈스의 경기가 25일 오후 인천SSG랜더스필드에서 열렸다. 8대 3으로 승리한 LG 등 박동원 등 선수들이 경기 후 염경엽 감독과 하이파이브를 하고 있다. 인천=김민규 기자 
LG 트윈스가 SSG 랜더스를 밀어내고 하루 만에 단독 선두를 탈환했다. 

LG는 25일 인천SSG랜더스필드에서 열린 SSG와 원정 경기에서 8-3으로 이겼다.

SSG와의 1위 싸움에서 우세 시리즈(2승 1패)를 거둔 LG는 공동 선두였던 SSG를 하루 만에 밀어내고 단독 선두를 탈환했다. LG는 시즌 28승 15패 1무, 승률 0.651을 기록하고 있다. 

특히 LG는 5월 팀 승률 0.765(13승 4패 1무)로 압도적인 1위를 달리고 있다. 

선발 투수 케이시 켈리가 6이닝 동안 5피안타 3볼넷 3실점(2자책)을 기록, 시즌 5승(2패)째를 달성했다. 최근 4연승. 시즌 평균자책점은 4.34에서 4.21로 낮췄다.

7번타자, 포수로 선발 출전한 박동원은 홈런 2개 포함, 4타수 3안타 4타점을 몰아쳤다. 시즌 11호, 12호 홈런으로 부문 선두를 질주했다.  

염경엽 LG 감독은 경기 뒤 ""켈리가 경기 초반 변화구 제구가 안 돼 조금 힘들게 풀어갔다. 하지만 좋은 경기 운영으로 에이스다운 역할을 했다. 이후 두 번째 필승조가 좋은 활약으로 경기를 마무리했다""고 밝혔다.
 
이어 ""1회 초 무사 만루 찬스의 흐름이 (오스틴 딘의 내야 플라이로) 자칫 안 좋은 상황으로 바뀔 수도 있었는데, 1사 후 오지환이 적시타를 쳤다. 이어 박동원이 한 경기 홈런 2개로 결정적인 활약을 선보였다. 홍창기의 올 시즌 첫 4안타도 축하한다""고 덧붙였다.

마지막으로 ""중요한 시리즈를 우세 시리즈로 장식했다. 항상 따뜻한 응원 감사드린다""고 인사했다.

인천=이형석 기자 ops5@edaily.co.kr
기사제공 일간스포츠
이형석(ops5@edaily.co.kr)
이형석 기자
구독


구독자
1,886
응원수
432
생생한 현장을, 다른 시각으로, 정확하게
역시 에이스, 기세 꺾은 롯데 킬러 김광현
한국 무대 데뷔전 무거운 임무 안고 나서는 SSG 엘리아스···상대는 1위 LG
Copyright ⓒ 일간스포츠. All rights reserved. 무단 전재 및 재배포 금지.
기사 섹션 분류 가이드
일간스포츠 최신 뉴스를 확인하세요
스포츠·연예 최신 이슈를 확인하세요"
https://sports.news.naver.com/kbaseball/news/read?oid=410&aid=0000940048,"두산 베어스가 삼성 라이온즈를 상대로 시즌 첫 맞대결 2패의 설욕에 성공했다. 주중 홈 3연전 위닝 시리즈의 주역은 다름 아닌 장원준과 김재호였다.

두산은 5월 25일 잠실 삼성전에서 연장 11회 승부 끝에 4대 3으로 승리했다. 이날 승리로 전날 패배를 설욕한 두산은 시즌 22승 1무 20패로 다시 단독 4위로 치고 올라갔다.

이날 두산은 선발 투수 최승용이 0대 0으로 맞선 2회 초 강민호와 오재일에게 연속 안타를 맞아 허용한 무사 1, 3루 위기에서 김태군에게 병살타를 유도하면서 선제 실점을 허용했다.

두산 베테랑 유격수 김재호가 5월 25일 잠실 삼성전에서 연장 11회 말 끝내기 안타를 날렸다. 사진(잠실)=천정환 기자
반격에 나선 두산은 3회 말 안승한과 김재호의 연속 안타, 그리고 정수빈의 희생 번트와 이유찬의 볼넷으로 만든 1사 만루 기회에서 양석환의 2타점 좌전 적시타로 2대 1 역전에 성공했다.

2대 1 한 점 차 리드는 불안했다. 결국, 두산은 6회 초 2사 1루 상황에서 오재일에게 1타점 적시 2루타를 맞고 2대 2 동점을 허용했다. 선발 투수 최승용도 6이닝 2실점 퀄리티 스타트를 달성했지만, 승리 요건이 날아갔다.

팽팽한 동점 흐름은 연장 승부까지 이어졌다. 9회 말 2사 2루 끝내기 기회를 놓친 두산은 10회 말 마무리 투수 홍건희가 선두 타자 이재현에게 2루타를 맞아 위기에 처했다. 희생 번트와 볼넷으로 이어진 1사 1, 3루 위기에서 홍건희는 피렐라에게 희생 뜬공을 맞아 끝내 실점을 기록했다.

두산은 10회 말 대타 양의지의 2루타로 불씨를 살렸다. 희생 번트로 이어진 1사 3루 기회에서 정수빈의 절묘한 스퀴즈 번트로 3대 3 동점을 만들었다. 후속 타자 양석환의 유격수 땅볼로 끝내기 기회를 놓친 두산은 11회 초 바뀐 투수 이병헌의 볼넷과 견제 실책으로 무사 2루 위기를 맞았다.

두산 벤치는 박정수로 투수를 교체했다. 박정수는 희생 번트를 내준 뒤 1사 3루 위기에서 김영웅을 루킹 삼진, 김현준을 좌익수 뜬공으로 잡고 실점을 극적으로 막았다.

두산 베테랑 유격수 김재호가 5월 25일 잠실 삼성전에서 연장 11회 말 끝내기 안타를 날리고 기쁨의 세리모니를 펼치고 있다. 사진(잠실)=천정환 기자
11회 말 끝내기 영웅은 베테랑 김재호였다. 두산은 11회 말 상대 실책과 희생 번트로 1사 2루 끝내기 기회를 잡았다. 후속 타자 전민재가 범타로 물러난 가운데 허경민과 장승현이 각각 고의4구와 볼넷으로 2사 만루 상황이 찾아왔다.

김재호가 타석에 들어선 가운데 김재호는 홍정우의 4구째 141km/h 낮은 속구를 기술적인 타격으로 좌중간을 뚫는 깔끔한 끝내기 안타를 날렸다. 이날 필승조를 모두 쓴 두산이기에 김재호의 끝내기 안타로 얻은 승리가 더 값졌다.

두산은 삼성을 상대로 주중 위닝 시리즈를 달성했다. 첫 날엔 베테랑 좌완 장원준이 5이닝 70구 7피안타 4탈삼진 무사사구 4실점으로 개인 통산 130승을 달성했다. 포수 양의지와 다시 호흡을 맞춰 5년여를 기다린 승리가 찾아온 장원준을 보면서 두산 팬들은 ‘낭만 야구’의 극치를 느꼈다.

그로부터 이틀이 지난 25일 경기에선 베테랑 김재호가 오랜만에 ‘공포의 9번 타자’로 나서 2안타 1타점 1볼넷 1득점으로 팀 승리에 크게 공헌했다. 이 또한 2015년과 2016년 2년 연속 유격수 부문 골든글러브를 수상했던 김재호의 추억이 언뜻 스쳐가는 장면이 됐다. 베어스 낭만 야구 끝장을 본 위닝 시리즈 결과였다.

두산 이승엽 감독와 베테랑 김재호가 연장 11회 끝내기 승리의 기쁨을 나누고 있다. 사진(잠실)=천정환 기자


기사제공 MK스포츠
김근한 MK스포츠 기자(forevertoss@maekyung.com)
김근한 기자
구독


구독자
276
응원수
157
베이스 커버 늦고 평범한 병살 놓치고…5연승 이끈 ‘허슬두’ 사라지자 바로 2연패 [MK수원]
‘트레이드 단골 파트너’ KT·롯데, 투수 심재민↔내야수 이호연 1대 1 트레이드 단행 [MK수원]
Copyright ⓒ MK스포츠 . All rights reserved. 무단 전재 및 재배포 금지.
기사 섹션 분류 가이드"
https://sports.news.naver.com/kbaseball/news/read?oid=468&aid=0000947349,"삼성 강민호(왼쪽)와 오승환이 25일 잠실구장에서 열린 2023 KBO리그 두산과 경기 10회말 1사3루에서 상대 정수빈에 번트 안타를 허용한 후 아쉬워하고 있다. 2023. 5. 25. 사진 | 잠실=최승섭기자 thunder@sportsseoul.com

[스포츠서울 | 잠실=김동영기자] ‘지독하다’는 말이 절로 나온다. 이상할 정도로 찬스에서 하나가 안 나온다. 두산 투수를 상대한 삼성 타자들이 그랬다. 점수를 3점이라도 낸 것이 용해 보일 정도다. 수비까지 불안했다.

삼성은 25일 잠실구장에서 열린 2023 KBO리그 정규시즌 두산과 주중 3연전 마지막 경기에서 연장 11회말 끝내기 안타를 맞으면서 3-4로 패했다.

주중 루징시리즈다. 23일 1차전에서 5-7의 역전패를 당했고, 전날 2차전은 6-1의 승리를 거뒀다. 0-0에서 8회초에만 6점을 내며 웃었다. 내친김에 위닝을 노렸다. 충분히 가능성도 있었다. 그러나 야구가 뜻대로 되지 않았다.

선발 백정현은 완벽투를 뽐냈다. 8이닝 6피안타 2볼넷 3탈삼진 2실점의 퀄리티스타트 플러스(QS+) 호투를 뽐냈다. 지난 4월18일 고척 키움전 이후 두 번째 8이닝 경기다.

특유의 제구가 살았다. 실투도 딱히 없었다. 그런데 승리투수가 되지 못했다. 타선 침묵 때문이다. 나름 활발하기는 했다. 득점권에 주자만 나가면 얼었다. 홈이 멀고도 멀었다. 수비 지원도 아쉬웠다.

삼성 김영웅이 25일 잠실구장에서 열린 2023 KBO리그 두산과 경기 9회초 1사 2루에서 타격 후 타구를 바라보고 있다. 2023. 5. 25. 사진 | 잠실=최승섭기자 thunder@sportsseoul.com

이날 삼성은 2~4회초, 6~7회초, 9~11회초 찬스를 잡았다. 여기서 단 하나의 적시타도 없었다. 총 13타수 무안타다. 잔루만 무려 9개를 남겼다. 다른 의미로 무시무시했다.

3점을 내기는 했는데, 2회초 무사 1,3루에서 김태군의 병살타 때 3루 주자가 홈에 들어와서 1점을 냈고, 6회초 2사 1루에서 오재일이 우중간 펜스를 때리는 적시 2루타를 쳐 1점을 올렸다. 연장 10회초 1사 1,3루에서 호세 피렐라가 희생플라이를 날려 3점째다.

득점이라는 것이, 반드시 적시타로만 만들 수 있는 것은 아니다. 그러나 주자가 쌓였을 때, 주자가 2루나 3루에 있을 때 홈으로 불러들이는 안타만큼 귀한 것도 없다. 많은 득점은 승리로 가는 첩경이다.

사실 희소식도 있었다. 오재일이 2루타 포함 3안타를 폭발시켰다. 캡틴이 부활했다. 강민호도 2안타를 쳤고, 호세 피렐라의 1안타 1타점도 있었다. 총 9안타를 쳤다.

무수히 많은 찬스를 허공에 날리니 경기가 어렵다. 3점이나 뽑은 것이 용한 수준이다. 이런 방망이로는 계속 어려울 수밖에 없다.

삼성 이태훈. 사진제공 | 삼성 라이온즈

수비도 좋지 못했다. ‘와르르’ 무너진 모양새. 3회부터 시작이다. 1사 만루에서 양석환이 3루 방면 타구를 날렸다. 어려운 타구였으나, 잡지 못할 타구도 아니었다. 3루수 공민규가 글러브를 댔으나 잡지 못했다. 2타점 적시타. 실책에 가까웠다. 결국 박진만 감독이 4회말 수비에서 공민규를 뺐다.

11회말 실책 2개가 나왔다. 패배의 직접적인 원인이 됐다. 첫 타자 김재환이 2루수 쪽으로 타구를 날렸다. 날카로웠다. 그러나 정면이었기에 처리할 수 있었다. 2루수 김동진이 뒤로 흘리고 말았다. 어정쩡한 자세에서 포구에 실패했다. 실책이다.

이후 2사 1,2루에서 장승현에게 내야 뜬공을 유도했다. 1루 파울지역에 떨어졌다. 교체로 들어간 1루수 이태훈이 타구에 붙었다. 그러나 낙구 지점 포착에 실패했고, 공을 잡지 못했다. 또 실책.

장승현이 볼넷으로 나가면서 만루가 됐다. 그리고 김재호에게 끝내기 안타를 맞았다. 11회말 올라온 홍정우는 0.2이닝 비자책 1실점으로 패전투수가 되고 말았다.

공격도, 수비도 제대로 되지 않았다. 마운드도 10회말 1점 리드를 지키지 못한 것이 아쉽다. 그러나 공격과 수비가 더 큰 문제였다. 무엇보다 공격이 안 되면 절대 이길 수 없다. 최대치가 무승부일 뿐이다. 여러모로 충격이 큰 패배가 됐다. 공수에서 이런 경기력은 곤란하다. raining99@sportsseoul.com

기사제공 스포츠서울
김동영 기자
현장에서 작성된 기사입니다.
김동영 기자
구독


구독자
1,345
응원수
288
‘멈칫→폭풍 질주→결승 득점’ 팀 구한 김현준, 정작 표정은 밝지 않았다 [SS시선집중]
‘몸살’ 김현준-‘담 증세’ 강한울 선발 제외...삼성, 또 ‘구멍’ 발생 [SS시선집중]
Copyright ⓒ 스포츠서울. All rights reserved. 무단 전재 및 재배포 금지.
기사 섹션 분류 가이드"
https://sports.news.naver.com/kbaseball/news/read?oid=421&aid=0006830540,"LG, SSG에 위닝시리즈…두산은 김재호 끝내기로 삼성 제압
롯데는 NC에 대승…9·10위 한화·KT는 KIA·키움 눌러
25일 오후 인천 미추홀구 SSG랜더스필드에서 열린 프로야구 '2023 신한 SOL KBO리그' LG트윈스와 SSG랜더스의 경기, 1회초 2사 주자 1,2루에서 LG박동원이 3점 홈런을 치고 있다. 2023.5.25/뉴스1 ⓒ News1 김도우 기자


(서울=뉴스1) 권혁준 서장원 기자 = 홈런 1위 박동원을 앞세운 LG 트윈스가 SSG 랜더스와의 '선두 대결'에서 우위를 점하고 단독선두에 복귀했다.

LG는 25일 인천 SSG 랜더스필드에서 열린 2023 신한은행 SOL KBO리그 SSG전에서 8-3으로 이겼다.

SSG와의 주중 3연전에서 2승1패의 '위닝 시리즈'를 가져간 LG는 시즌 전적 28승1무15패로 단독선두에 복귀했다. 반면 연승을 이어가지 못한 SSG는 27승1무16패가 되며 2위가 됐다.

LG 안방마님 박동원은 이날 1회 3점포, 7회 솔로홈런 등 2개의 홈런을 포함해 4타수 3안타(2홈런) 2득점 4타점의 맹타를 휘두르며 승리의 일등공신이 됐다. 시즌 11, 12호 홈런을 터뜨리며 이 부문 단독선두를 질주했다.

리드오프 홍창기도 5타수 4안타 1득점 1타점으로 타격감을 뽐냈다.

LG 선발 케이시 켈리는 6이닝동안 5피안타(1피홈런) 3볼넷 4탈삼진 3실점(2자책)으로 호투, 시즌 5승(2패)째를 기록했다.

반면 SSG 선발로 나선 루키 송영진은 2이닝 6피안타(1피홈런) 3볼넷 6실점으로 부진, 시즌 첫 패전(3승)을 안았다.

LG는 1회부터 상대 선발 송영진을 두들기며 대량 득점을 올렸다.

선두 홍창기가 SSG 좌익수 기예르모 에레디아의 실책성 플레이가 겹친 행운의 2루타로 출루했다. 이어 문성주와 김현수가 볼넷을 골라나가 무사 만루를 만들었고 1사 후 오지환의 적시타, 문보경의 희생플라이가 나오면서 2-0으로 앞섰다.

계속된 2사 1,2루에선 박동원이 송영진을 상대로 좌중월 스리런 홈런을 날렸다.

2회초 문성주의 적시타로 한 점을 더 달아난 LG는 2회말 켈리가 흔들리며 3실점했다. 한유섬에게 2점홈런을 허용했고 2루수 신민재의 실책이 겹쳤다.

LG는 8회초 승부에 쐐기를 박았다. 선두타자로 나선 박동원이 솔로홈런을 터뜨렸고 이어진 1사 2루에서 홍창기의 적시타로 8-3까지 달아났다.

LG는 9회말 박명근을 마운드에 올려 경기를 매듭지었다. 이날 트레이드로 SSG 유니폼을 입은 강진성은 9회말 대타로 나와 2루 땅볼로 물러났다.

두산 베어스 김재호. / 뉴스1 DB ⓒ News1 송원영 기자


잠실에서는 두산 베어스가 연장 11회말 나온 김재호의 끝내기 안타에 힘입어 삼성 라이온즈를 4-3으로 눌렀다.

주중 3연전을 2승1패로 마친 두산은 시즌 전적 22승1무20패로 단독 4위가 됐고, 삼성은 18승23패로 7위를 유지했다.

9회 정규이닝까지 2-2로 승부를 가리지 못한 양 팀은 연장에 돌입했다.

삼성이 먼저 두산 마무리 홍건희 공략에 성공했다. 선두 타자 이재현이 2루타를 치고 나갔고 김동진의 희생번트로 3루에 도달했다. 후속 타자 구자욱이 볼넷을 골라 1사 1, 3루를 만든 삼성은 호세 피렐라의 희생플라이로 앞서나갔다.

하지만 두산도 그냥 물러서지 않았다. 연장 10회말 삼성 마무리 오승환을 흔드는 데 성공했다.

대타 양의지가 2루타를 치면서 득점권 찬스를 잡은 두산은 김재호의 희생번트로 대주자 박계범을 3루까지 보냈다. 이후 타석에 선 정수빈이 기습적인 스퀴즈 번트를 감행했고, 그 사이 3루 주자 박계범이 홈으로 쇄도해 3-3 동점이 됐다.

연장 11회초 1사 3루 위기를 무실점으로 막은 두산은 연장 11회말 다시 찬스를 잡았다. 선두 타자 김재환이 안타를 치고 나갔고 조수행의 희생번트로 1사 2루를 만들었다.

이후 전민재가 내야 플라이로 물러났으나 허경민이 자동 고의4구로 나가면서 2사 1, 2루로 이어졌고 타석에 선 장승현이 볼넷을 얻어 2사 만루가 됐다.

경기는 김재호가 끝냈다. 홍정우를 상대한 김재호는 볼카운트 2볼-1스트라이크에서 4구째 직구를 받아쳐 좌전 안타를 만들면서 긴 경기에 마침표를 찍었다.

롯데 자이언츠 박세웅. /뉴스1 DB ⓒ News1 구윤성 기자


사직에서는 롯데 자이언츠가 NC 다이노스를 11-1로 대파했다.

롯데는 시즌 전적 24승15패로 3위를 유지했고 21승21패의 NC는 5위로 내려앉았다.

롯데는 경기 초반 상대 선발 이용준을 조기 공략해 2회만에 마운드에서 내려보냈다. 1회 무사 1,3루에서 전준우의 내야안타, 안치홍의 희생플라이로 2점을 뽑았고 2회엔 1사 1,3루에서 더블 스틸로 한 점을 더 보탰다.

롯데는 3회말 NC의 바뀐 투수 이준호를 상대로 무사 만루 찬스를 잡은 뒤 고승민의 밀어내기 볼넷, 정보근의 2타점 2루타, 김민석의 희생플라이 등으로 대거 5득점, 8-0으로 달아나 일찌감치 승부를 갈랐다.

롯데 3번타자 전준우는 5타수 2안타 1타점, 7번타자 고승민도 4타수 2안타 2득점으로 활약했다. 최근 롯데와 계약을 맺은 국해성도 대타로 나서 1타수 1안타 1타점을 기록했다.

롯데 선발 박세웅은 타선의 화끈한 지원 속에 7이닝을 2피안타 1볼넷 8탈삼진 무실점으로 틀어막고 시즌 2승(1패)째를 거뒀다.

한화 이글스 박상언. /뉴스1 DB ⓒ News1 신웅수 기자


광주에서는 한화 이글스가 KIA 타이거즈를 4-3으로 눌렀다.

한화는 시즌 전적 15승3무25패로 8위 키움 히어로즈(19승26패)를 1.5게임차로 추격했다.

KIA는 19승20패(6위)가 되며 5할 승률을 지키지 못했다.

한화는 2회말 KIA 투수들의 난조에 힘입어 3점을 뽑았다. 노시환이 볼넷을 골라 나간 뒤 김인환이 KIA 이의리의 속구에 헬멧을 강타 당했다. 이로 인해 이의리는 즉시 퇴장을 선언받았다.

한화는 바뀐 투수 김기훈을 상대로 오선진, 이진영, 박상언이 볼넷을 골라 밀어내기로 2득점했다. 이어진 상황에선 정은원이 3번째 투수 김대유에게 몸 맞는 공을 얻어내 추가 득점했다.

그러나 KIA도 3회초 문동주로부터 2점을 뽑아내 승부는 3-3 원점이 됐다.

추는 6회 한화 쪽으로 기울어졌다. 한화는 2사 2루 찬스에서 박상언이 적시타로 2루주자를 불러들여 결승점을 올렸다.

한화는 윤대경(1⅓이닝), 정우람, 강재민, 박상원 등 불펜진이 1점의 리드를 끝까지 지켜 승리했다.

수원에서는 꼴찌 KT 위즈가 키움을 3-0으로 눌렀다.

KT는 시즌 전적 14승2무26패, 키움은 19승26패(8위)가 됐다.

KT는 박경수가 3타수 3안타의 맹타를 휘둘렀고 앤서니 알포드, 장성우도 각각 멀티히트로 활약했다.

선발 엄상백은 6이닝을 4피안타 1볼넷 4탈삼진 무실점으로 막고 3승(3패)째를 수확했다.

한편 이날 7회말 경기 도중 경기장 인근에서 난 화재로 인해 7분간 경기가 중단되는 소동이 빚어지기도 했다.
기사제공 뉴스1
권혁준 기자 (starburyny@news1.kr),서장원 기자 (superpower@news1.kr)
현장에서 작성된 기사입니다.
권혁준 기자
구독


구독자
2,104
응원수
742
홈런 1위 박동원, 시즌 11·12호포 쾅쾅… LG, SSG에 8-3 승 '단독 선두'
신유빈-전지희, 세계탁구선수권 여자복식 동메달 확보
서장원 기자
구독


구독자
1,159
응원수
255
서울교육청, 프로야구 단장 아들 '학폭' 의혹 조사
'3년 만의 끝내기' 두산 김재호 ""1군에서 더 많은 시간 보내고 싶다""
Copyright ⓒ 뉴스1. All rights reserved. 무단 전재 및 재배포 금지.
기사 섹션 분류 가이드
네이버에서 [뉴스1]을 구독하세요
세상에 이런 일이...[사건의 재구성]"
https://sports.news.naver.com/kbaseball/news/read?oid=023&aid=0003765933,"롯데 박세웅 에이스 모드 충전...7이닝 무실점 2연승

홈런 선두를 달리는 LG 박동원(33)이 1경기 2홈런으로 신바람을 냈다. 박동원은 25일 SSG와 벌인 2023 프로야구 문학 원정 경기에서 7번 타자 겸 포수로 선발 출전, 1회와 8회 대포를 쐈다. 1회 초 2사 1-2루에선 3점 홈런, 6-3으로 쫓기던 8회엔 선두 타자로 나와 솔로 홈런을 뽑아냈다. 지난 16일 KT전 이후 8경기 만에 11-12호 홈런을 몰아쳤다. 이 부문 공동 2위 호세 로하스(두산), 노시환(한화·이상 9개)과의 격차를 3개로 벌렸다. LG 선발 투수 케이시 켈리(34)는 6이닝 3실점으로 타선 지원을 받은 승리(5승째)를 챙겼다. LG는 공동 선두였던 SSG를 따돌리고 다시 단독 선두(28승15패1무)로 나섰다.

[인천=뉴시스] 김금보 기자 = 25일 인천 SSG랜더스필드에서 열린 2023 프로야구 LG 트윈스 대 SSG 랜더스 경기, 1회초 2사 1,2루 LG 박동원이 3점 홈런을 치고 세레머니 하고 있다. 2023.05.25. kgb@newsis.com

수원에선 홈팀 KT가 키움을 3대0으로 누르고 5월 들어 처음 2연승했다. 선발 투수 엄상백(27)이 6이닝 무실점으로 호투하며 시즌 3승(3패). 이 경기는 7회 말 KT 공격 도중 경기장 인근 아파트 상가에서 불이 나면서 연기가 바람을 타고 관중석과 그라운드까지 들어와 7분간 중단되기도 했다.

두산은 잠실에서 연장 11회말 김재호(38)의 끝내기 안타로 삼성에 4대3 역전승했다. 삼성 오승환(41)은 3-2로 앞선 10회초 승리를 지키기 위해 마운드에 올라왔으나 동점을 허용했다. 롯데는 안방 사직에서 NC에 11대1로 대승을 거뒀다. 선발 투수 박세웅(28)이 7이닝 동안 105개의 공을 던지며 8탈삼진 2안타 무실점으로 빛났다. 2연승. 미래의 에이스 KIA 이의리(21)와 한화 문동주(19) 대결로 관심을 모은 대전 경기는 한화가 4대3으로 신승했다. 이의리는 2회 한화 김인환(29) 머리에 맞는 공을 던져 바로 퇴장당했다. 문동주도 4이닝 3실점으로 기대에 못 미쳤다.

25일 서울 잠실구장에서 열린 삼성과 두산의 경기. 11회말 2사 만루 김재호가 끝내기 안타를 치며 두산이 승리했다. 김재호가 환호하고 있다. 잠실=정재근 기자 cjg@sportschosun.com/2023.5.25

롯데 선발투수 박세웅 역투
(부산=연합뉴스) 강덕철 기자 = 25일 부산 사직야구장에서 열린 프로야구 NC 다이노스와 롯데 자이언츠의 경기. 1회초 롯데선발투수 박세웅이 역투하고 있다. 2023.5.25
kangdcc@yna.co.kr/2023-05-25 19:12:25/
<저작권자 ⓒ 1980-2023 ㈜연합뉴스. 무단 전재 재배포 금지.>


기사제공 조선일보
성진혁 기자 jhsung@chosun.com
Copyright ⓒ 조선일보. All rights reserved. 무단 전재 및 재배포 금지.
기사 섹션 분류 가이드
압도적 1위 칼럼 ‘만물상’ 조선일보 앱에서 보기
뉴스도 본점이 맛있다! 조선닷컴에서 주요 기사 보기"
https://sports.news.naver.com/kbaseball/news/read?oid=425&aid=0000140560,"두산 베테랑 김재호[연합뉴스 자료사진]
'홈런왕' 이승엽 두산 베어스 감독의 짜내기 작전이 짜릿한 끝내기 승리로 이어졌다.

두산은 25일 서울 잠실구장에서 삼성 라이온즈와 벌인 2023 신한은행 SOL KBO리그 홈경기에서 3-3으로 팽팽하던 연장 11회말에 터진 김재호의 굿바이 안타에 힘입어 4-3으로 이겼다.

두산은 이날 진 NC 다이노스를 5위로 밀어내고 단독 4위를 꿰찼다.

백정현(삼성)이 8이닝 2실점, 최승용(두산)이 6이닝 2실점으로 나란히 호투한 경기에서 양팀의 희비는 연장전에서 엇갈렸다.

삼성은 2-2로 맞선 연장 10회초 선두 이재현의 우월 2루타와 보내기 번트, 구자욱의 볼넷으로 엮은 1사 1, 3루에서 호세 피렐라의 희생플라이로 균형을 깼다.

두산은 공수교대 후 삼성 마무리 오승환을 두들겨 다시 3-3 동점을 이뤘다.

대타로 나온 선두 양의지가 좌월 2루타로 동점의 포문을 열었다. 이승엽 감독은 보내기 번트로 대주자를 3루에 보내고선 정수빈의 스퀴즈 번트로 경기를 원점으로 돌렸다.

연장 11회말 선두 김재환이 2루수 실책으로 출루하자 이 감독은 다시 착실하게 보내기 번트 작전을 폈고, 볼넷 2개로 계속된 2사 만루에서 베테랑 김재호가 좌익수 앞으로 안타를 날려 연장 혈투에 마침표를 찍었다.

한화 선발 문동주[한화 이글스 제공]


한화 이글스는 대전 한화생명이글스파크에서 KIA 타이거즈를 4-3으로 제압했다.

이의리(KIA)와 문동주(한화)의 차세대 영건 대결로 관심을 끌었지만, 소문난 잔치에 먹을 것은 별로 없었다.

이의리가 1-0으로 앞선 2회 무사 1루에서 김인환의 머리를 맞혀 헤드샷 퇴장당해 먼저 마운드를 떠났다.

문동주는 제구 난조로 4이닝 동안 공을 87개나 던졌고 안타 5개와 볼넷 3개를 허용해 3실점 했다.

KIA가 1회 최형우의 우전 적시타로 앞서가자 한화는 2회말 이의리의 퇴장 후 김기훈, 김대유 두 왼손 불펜의 컨트롤 난조를 틈타 사사구 6개를 묶어 3점을 뽑고 역전했다.

KIA의 고종욱은 3회 2사 2, 3루에서 문동주의 빠른 공을 퍼 올려 우중간을 가르는 2타점 2루타로 다시 균형을 맞췄다.

불펜전에서 한화는 6회말 결승점을 냈다. KIA 포수 신범수의 패스트볼로 이어간 2사 2루에서 박상언이 큰 바운드로 유격수와 2루수 사이를 뚫는 중전 적시타를 때렸다.

LG 트윈스 박동원[LG 트윈스 제공]


인천 SSG 랜더스필드에서는 LG 트윈스가 SSG 랜더스를 8-3으로 물리치고 다시 단독 선두에 올랐다.

승부처는 1회였다.

12일 만에 선발 등판한 SSG 송영진을 상대로 LG는 홍창기의 좌선상 2루타, 연속 볼넷으로 무사 만루 황금 기회를 얻었다.

오지환의 적시타와 문보경의 희생플라이로 2점을 쌓은 LG는 박동원의 좌중월 석 점 홈런에 힘입어 5-0으로 달아났다.

SSG는 한유섬의 큼지막한 우월 투런 홈런 등으로 2회 3점을 만회해 3-6으로 추격했으나 다시 박동원의 한 방에 사기가 꺾였다.

박동원은 8회 선두 타자로 나와 7-3으로 도망가는 좌월 솔로 아치를 그렸다. 박동원은 시즌 11호, 12호 홈런을 잇달아 터뜨려 홈런 단독 선두를 질주했다.

안타와 보내기 번트로 이어간 1사 2루에서는 홍창기가 좌중간 적시타로 쐐기를 박았다.

LG 선발 케이시 켈리는 6이닝 3실점(2자책점)의 평범한 투구에도 타선 지원 덕에 시즌 5승(2패)째를 쉽게 따냈다.

(부산=연합뉴스) 25일 부산 사직야구장에서 열린 프로야구 NC 다이노스와 롯데 자이언츠의 경기. 1회초 롯데 선발투수 박세웅이 역투하고 있다.


롯데 자이언츠는 부산 홈에서 NC를 11-1로 대파했다.

롯데의 '안경 에이스' 박세웅은 시즌 처음으로 7이닝 동안 마운드를 지키며 탈삼진 8개를 곁들여 무실점으로 완벽한 투구를 뽐냈다. 안타는 2개, 볼넷은 1개만 각각 허용했다.

올해 3월 월드베이스볼클래식(WBC) 한국 대표팀 투수 중 가장 잘 던진 박세웅은 그 여파 탓인지 정규 시즌 개막 후 6경기에서 승리 없이 1패만 안았다가 직전 등판인 19일 SSG 랜더스와의 경기에서 6이닝 1실점 호투로 첫 승리를 거뒀다.

이어 이날 NC 타선에 추격할 기회조차 주지 않는 혼신의 역투로 2연승 하고 콧노래를 불렀다.

롯데 타선은 3회까지 8점을 뽑아 사실상 승패를 결정지었다.

1회 선두 김민석의 볼넷, 안권수의 중전 안타로 잡은 무사 2, 3루에서 전준우의 내야 안타와 안치홍의 희생플라이로 2점을 얻었다.

롯데는 2회 고승민의 2루타와 박승욱의 볼넷으로 엮은 1사 1, 3루에서 김민석 타석 때 더블 스틸로 1점을 보탰다.

이어 3회 무사 만루에서 고승민의 밀어내기 볼넷, 정보근의 2타점 좌월 2루타, 박승욱의 땅볼, 김민석의 희생플라이를 묶어 5점을 더 얹었다.

NC는 8회초 손아섭의 1타점 좌선상 2루타로 영패를 겨우 면했다.

kt wiz의 선발 투수 엄상백[kt wiz 제공]


꼴찌 탈출에 시동을 건 kt wiz는 수원 안방에서 키움 히어로즈를 3-0으로 눌렀다.

전날 7이닝 무실점으로 승리를 따낸 고영표에 이어 이날에는 엄상백이 6이닝 4피안타 4탈삼진 무실점의 역투로 kt 선발 야구의 부활을 알렸다.

빠른 볼과 변화가 심한 체인지업을 주 무기로 던진 엄상백은 6회까지 선두 타자를 모두 잡고 2루 진루도 허용하지 않은 채 임무를 수월하게 마쳤다.

7회초 애디슨 러셀, 이원석에게 연속 안타를 내준 엄상백은 배턴을 박영현에게 넘겼고, 박영현이 이형종을 유격수 병살타로 요리한 뒤 김휘집마저 땅볼로 잡아내 선배의 짐을 덜어줬다.

kt는 2회 1사 1, 3루에서 이호연의 2루수 내야 안타로 선취점을 내고 3회 김상수의 안타와 도루에 이은 앤서니 알포드의 중전 안타로 2-0으로 앞서갔다.

7회에는 무사 2루에서 나온 키움 베테랑 1루수 이원석의 송구 실책에 1점을 거저 얻었다.

이호연의 땅볼을 잡은 이원석은 3루로 뛰던 2루 대주자 이상호를 잡으려고 주춤거리다가 3루수 키를 훌쩍 넘기는 악송구를 했고, 이상호가 여유 있게 홈을 찍었다. [연합뉴스=종합]
기사제공 마니아타임즈
김학수 kimbundang@maniareport.com
김학수 기자
구독


구독자
3,707
응원수
295
'클럽 프로' 46세 블록, PGA 챔피언십 2R 공동 10위…매킬로이와 동률
MLB 저지, 6경기서 홈런 6개 날려 단숨에 리그 2위
Copyright ⓒ 마니아타임즈. All rights reserved. 무단 전재 및 재배포 금지.
기사 섹션 분류 가이드
골프레슨 마니아TV
연예 마니아TV"
https://sports.news.naver.com/kbaseball/news/read?oid=109&aid=0004857815,"[OSEN=잠실, 김성락 기자] 두산 베어스가 극적인 끝내기 승리로 위닝시리즈를 완성 지었다.두산 베어스는 25일 서울 잠실구장에서 열린 2023 신한은행 SOL KBO리그 삼성 라이온즈와의 시즌 5차전에서 연장 접전 끝 4-3 역전 끝내기 승리를 거뒀다.경기 종료 후 두산 김재호가 관중에게 인사하고 있다. 2023.05.25 /ksl0919@osen.co.kr


[OSEN=잠실, 이후광 기자] 두산이 베테랑 김재호의 끝내기안타를 앞세워 주중 3연전을 위닝시리즈로 장식했다. 

두산 베어스는 25일 서울 잠실구장에서 열린 2023 신한은행 SOL KBO리그 삼성 라이온즈와의 시즌 5차전에서 연장 접전 끝 4-3 끝내기승리를 거뒀다. 이날 결과로 전날 패배를 설욕하며 주중 3연전 위닝시리즈를 달성했다. 시즌 22승 1무 20패.

3-3으로 맞선 연장 11회 집중력이 돋보였다. 2사 만루 찬스에서 등장한 베테랑 김재호가 삼성 홍정우 상대 짜릿한 1타점 좌전 적시타를 치며 경기를 마무리 지은 것. 2B-1S 유리한 카운트에서 4구째 직구를 노련하게 받아쳐 2020년 6월 6일 잠실 KIA전 이후 3년 만에 개인 통산 4번째 끝내기안타를 맛봤다. 

두산 이승엽 감독은 경기 후 “최고참 김재호가 최고의 타격으로 팀에 귀중한 1승을 안겼다. 노림수와 타격 모두 완벽했다”라며 “마운드에서는 위기 상황에서 무실점 피칭을 한 박정수의 배짱이 빛났다. 승리투수가 되지 못했지만 선발 최승용도 자신의 몫을 다했다”라고 승리 소감을 남겼다.

두산은 26일부터 홈에서 SSG 상대 주말 3연전을 치른다. 첫날 라울 알칸타라(두산)와 박종훈(SSG)의 선발 맞대결이 예고됐다. 

/backlight@osen.co.kr

기사제공 OSEN
이후광 (backlight@osen.co.kr)
현장에서 작성된 기사입니다.
이후광 기자
구독


구독자
4,389
응원수
2,384
OSEN 스포츠1국 이후광 기자입니다. 스포츠계에 후광을 비추는 기자가 되겠습니다.
‘박건우 보상선수’ 강진성, 트레이드로 SSG 간다…1차 지명 김정우 두산행 [오피셜]
“SSG 마지막 팀 되길” 이승엽 감독에게 90도 인사…고양→잠실→인천 '굿바이 강진성' [오!쎈 잠실]
Copyright ⓒ OSEN. All rights reserved. 무단 전재 및 재배포 금지.
기사 섹션 분류 가이드
블핑도 나온다 'OSEN 연예'
류현진을 직캠으로? 'OSEN' TV"
https://sports.news.naver.com/kbaseball/news/read?oid=003&aid=0011881053,"기사내용 요약
KT, 키움 잡고 5월 첫 연승…롯데, NC 11-1 완파
[인천=뉴시스] 김금보 기자 = 25일 인천 SSG랜더스필드에서 열린 2023 프로야구 LG 트윈스 대 SSG 랜더스 경기, 8대 3으로 승리하며 리그 단독 1위를 차지한 LG 박동원과 선수들이 SSG 마운드를 밟고 지나가고 있다. 2023.05.25. kgb@newsis.com
[서울 인천=뉴시스]김희준 김주희 기자 = LG 트윈스가 SSG 랜더스와의 '1위 전쟁'을 위닝 시리즈로 마무리하며 단독 선두 자리를 되찾았다.

LG는 25일 인천 SSG랜더스필드에서 벌어진 2023 신한은행 쏠 KBO리그 SSG와의 경기에서 장단 13안타를 몰아치며 8-3로 승리했다.

선두 싸움을 벌이는 SSG와의 3연전을 2승 1패로 마친 LG는 28승1무15패를 기록, 하루만에 다시 단독 선두로 나섰다.

SSG는 27승1무16패를 기록해 2위로 밀렸다.

지난 24일 경기에서 잔루 14개를 쏟아내며 아쉬움을 삼켰던 LG는 이날 홈런 선두 박동원이 대포를 두 방이나 가동하면서 답답함을 풀었다.

1회 첫 타석에서 3점포를 쏘아올린 박동원은 8회 쐐기 솔로 홈런을 날리며 4타수 3안타 4타점으로 타선을 이끌었다.

리드오프 홍창기가 5타수 4안타 1득점으로 임무를 수행했다.

LG 선발 케이시 켈리는 타선 지원 속에 6이닝 5피안타(1홈런) 4탈삼진 2볼넷 3실점(2자책점)으로 시즌 5승째(2패)를 따냈다.

이날 경기 전까지 7차례 등판에서 3승만을 거뒀던 SSG의 루키 송영진은 2이닝 6피안타(1홈런) 3볼넷 6실점으로 부진해 프로 무대 첫 패전을 떠안았다.

LG는 1회에만 5점을 올리며 기선을 제압했다.

1회초 리드오프 홍창기가 좌월 2루타를 날린 뒤 문성주, 김현수가 연속 볼넷을 골라 무사 만루를 만들었다. 오스틴 딘이 2루 뜬공으로 물러났지만, 오지환이 좌전 적시타를 날려 선취점을 냈다.

계속된 1사 만루에서 문보경이 희생플라이를 쳤고, 이어 시원한 한 방이 터졌다.

2사 1, 2루 상황에 타석에 들어선 박동원은 상대 선발 송영진의 바깥쪽 낮은 직구를 노려쳐 좌중간 담장을 넘기는 3점포를 작렬했다. 홈런 선두를 달리고 있는 박동원의 시즌 11호 홈런.

LG는 2회에도 추가점을 뽑았다.

2회초 선두타자 신민재가 내야안타를 뽑아낸 후 상대 투수 보크 덕에 2루로 진루했다. 이어 홍창기가 좌전 안타를 날려 무사 1, 3루가 됐고, 문성주가 중견수 앞으로 굴러가는 안타를 쳐 3루 주자를 홈으로 불러들였다.

SSG는 2회 3점을 만회했다.

2회말 1사 후 박성한이 우전 안타를 쳤고, 한유섬이 우월 투런포(시즌 2호)를 쏘아올렸다.

이후 전의산의 안타와 추신수의 볼넷으로 만든 2사 1, 2루에서 최지훈의 내야 땅볼 때 LG 2루수 신민재의 1루 송구 실책이 나와 2루에 있던 전의산이 홈까지 들어왔다.

하지만 LG는 켈리가 더 이상 실점하지 않으면서 리드를 지켰고, 8회 2점을 보탰다.

8회초 선두타자로 나선 박동원은 상대 구원 문승원을 상대로 좌월 솔로 아치(시즌 12호)를 그려냈다.

박해민의 안타와 신민재의 희생번트로 1사 2루를 만든 LG는 홍창기가 좌중간 적시타를 날리면서 8-3까지 달아나 승기를 굳혔다.

[서울=뉴시스] 조수정 기자 = 16일 서울 송파구 잠실야구장에서 열린 2023 KBO리그 LG트윈스와 kt위즈의 경기, 12-7로 승리한 KT 이강철 감독과 박경수, 박병호, 장성우 등 선수들이 기쁨을 나누고 있다. 2023.05.16. chocrystal@newsis.com
수원에서는 KT 위즈가 키움 히어로즈를 3-0으로 이겼다.

이틀 연속 키움을 꺾은 최하위 KT(14승2무26패)는 5월 들어 첫 2연승을 기록했다.

2연패를 당한 키움은 8위(19승26패)에 머물렀다.

KT 선발 엄상백이 6이닝 4피안타 1볼넷 4탈삼진 무실점으로 초반 흐름을 끌고 왔다. 엄상백은 시즌 3승(3패)째를 챙겼다.

KT 앤서니 알포드는 4타수 2안타 1타점, 이호연은 3타수 1안타 1타점으로 타선을 이끌었다. 박경수도 3타수 3안타로 힘을 냈다.

키움 에릭 요키시는 5이닝 9피안타 5탈삼진 2실점으로 시즌 2패(4승)째를 떠안았다.

KT가 2회 선제점을 뽑았다.

김민혁의 땅볼과 도루, 박경수의 좌중간 안타로 만든 1사 1, 3루에서 이호연이 2루수 방면 내야 안타로 3루 주자 김민혁을 불러들였다.

3회에는 김상수의 우전 안타와 도루로 만든 무사 2루에서 알포드의 중전 적시타로 한 점을 보탰다.

엄상백을 공략하지 못하고 0-2로 끌려가던 키움은 7회초 선두 에디슨 러셀, 이원석의 연속 안타로 찬스를 잡았다.

그러나 KT는 마운드 교체로 키움 흐름을 끊었다.

무사 1, 2루에서 투입된 박영현이 이형종에 초구 직구로 유격수 병살타를 끌어냈다. 계속된 2사 3루에서는 김휘집을 땅볼로 잡아내 홈을 허용하지 않았다.

위기를 무실점으로 넘긴 KT는 7회말 한 점을 더 도망갔다.

선두 박경수가 좌선상으로 빠지는 2루타를 때렸다. 후속 이호연은 땅볼을 쳤지만, 타구를 잡은 1루수 이원석이 3루로 악송구를 하는 사이 2루 주자 이상호가 홈으로 쇄도했다.

KT는 3-0으로 앞선 9회말 마무리 김재윤을 올려 경기를 끝냈다.

[서울=뉴시스] 김근수 기자 = 28일 오후 서울 송파구 잠실야구장에서 열린 2022 KBO리그 롯데 자이언츠와 두산 베어스의 경기, 7회 말 1사 2루 상황 5번 타자 두산 김재호가 안타를 치고 1루를 향해 달리고 있다. 2022.07.28. ks@newsis.com
잠실에서는 두산 베어스가 연장 11회 승부 끝에 삼성 라이온즈를 4-3으로 울렸다.

두산은 단독 4위(22승1무20패)가 됐고, 삼성은 7위(18승23패)에 머물렀다.

정규이닝까지 2-2로 맞선 두 팀은 연장 10회 1점 씩을 주고 받았다.

삼성이 호세 피렐라의 중견수 희생플라이로 한 점을 얻어내자, 두산은 1사 3루에서 정수빈의 번트 안타로 다시 균형을 맞췄다.

3-3으로 팽팽하던 11회초 삼성은 선두 오재일의 볼넷과 상대 실책, 희생번트를 엮어 1사 3루를 만들었다. 하지만 김영웅이 삼진, 김현준이 뜬공으로 힘없이 물러났다.

두산은 달랐다. 11회말 상대 실책과 희생번트로 득점권에 주자를 보냈다. 허경민이 고의4구로 걸어나간 뒤 장승현이 볼넷을 골라 2사 만루를 연결했다. 베테랑 김재호가 삼성 홍정우에 좌전 안타를 쳐 경기를 끝냈다.

김재호의 끝내기 안타는 개인 통산 4번째다.

11회 무사 2루에서 투입된 두산 박정수가 1이닝 무실점으로 구원승을 낚았다.

삼성 선발 백정현은 8이닝 2실점 역투에도 웃을 수 없었다. 홍정우가 ⅔이닝 1실점으로 패전의 멍에를 썼다.

[광주=뉴시스] 이영주 기자 = 2일 오후 광주 북구 광주-기아챔피언스필드에서 열린 2023프로야구 KIA 타이거즈 대 롯데 자이언츠의 경기, 1회 말 롯데 선발 박세웅이 역투하고 있다. 2023.05.02. leeyj2578@newsis.com
부산에서는 롯데 자이언츠가 NC 다이노스를 11-1로 완파했다.

3위 롯데(24승15패)는 2위 SSG와 격차를 1게임으로 줄였다. NC는 5위(21승21패)로 내려앉았다.

선발 희비가 갈렸다.

롯데 박세웅은 7이닝 2피안타 1볼넷 8탈삼진 무실점 호투로 시즌 2승(1패)째를 챙겼다.

NC 이용준은 2이닝 3피안타 3볼넷 2탈삼진 3실점으로 강판, 시즌 2패(2승)째를 당했다.

1회부터 전준우의 적시타, 안치홍의 희생플라이로 2-0으로 앞서간 롯데는 2회 1사 1, 3루 김민석 타석에서 3루 주자 고승민이 홈으로 뛰어들어 한 점을 더 보탰다.

3-0으로 리드한 3회에는 대거 5점을 몰아내 승기를 잡았다.

안타 2개와 볼넷 1개로 만든 무사 만루에서 고승민의 밀어내기 볼넷, 정보근의 2타점 2루타로 추가점을 냈다. 이어 박승욱의 땅볼, 김민석의 희생플라이에 스코어는 8-0까지 벌어졌다.

NC는 0-9로 끌려가던 8회초 손아섭의 적시 2루타로 한 점을 얻어내는데 만족해야 했다.

대전에서는 한화 이글스가 KIA 타이거즈를 4-3으로 꺾었다.

KIA에 위닝 시리즈를 거둔 한화(15승3무25패)는 8위 키움을 1.5게임 차로 추격했다.

6위 KIA(19승20패)는 5할 승률이 깨졌다.

영건 선발 맞대결로 기대를 모았지만 KIA 이의리는 2회 무사 1루에서 한화 김인환에 헤드샷을 던져 퇴장을 당했다. 한화 문동주도 4이닝 5피안타 3볼넷 2탈삼진 3실점으로 고전했다.

승리는 한화 세 번째 투수로 나선 윤대경이 가져갔다. 윤대경은 1⅓이닝 동안 안타를 하나도 맞지 않고 무실점으로 버티며 승리의 발판을 놨다.

한화는 3-3으로 맞선 6회말 이도윤의 중전 안타로 기회를 잡았다. 포수 패스트볼로 2루에 진루한 이도윤은 박상언의 중전 적시타에 홈을 밟아 결승점을 올렸다.

박상언은 3타수 1안타 2타점으로 승리를 견인했다.

KIA 5번째 투수로 나선 장현식이 1이닝 2피안타 1실점으로 패전 투수에 이름을 올렸다.

기사제공 뉴시스
김희준 기자(jinxijun@newsis.com)
김주희 기자(juhee@newsis.com)
김희준 기자
구독


구독자
2,472
응원수
431
SSG, '유통대전' 위닝시리즈…4연승 LG 공동 선두(종합)
이의리 7이닝 9K 1실점…KIA, 키움전 6연패 탈출
김주희 기자
구독


구독자
3,434
응원수
2,323
뉴시스 김주희 기자입니다.
불펜 피칭으로 복귀에 한 발 더…류현진 ""마운드 그리웠다""
SSG 엘리아스, 데뷔전서 첫 승 도전…5이닝 5피안타 4볼넷 3실점
Copyright ⓒ 뉴시스. All rights reserved. 무단 전재 및 재배포 금지.
기사 섹션 분류 가이드
온라인 콘텐츠·크리에이터 소식…'튜브가이드' 오픈
네이버 메인에서 뉴시스 구독하세요"
https://sports.news.naver.com/kbaseball/news/read?oid=421&aid=0006830537,"연장 11회 혈투 끝 4-3 승리
27일 오후 대구 삼성라이온즈파크에서 열린 프로야구 '신한은행 SOL 2023 KBO리그' 두산 베어스와 삼성 라이온즈의 경기, 2회초 두산의 연이은 득점에 이승엽 감독이 선수들을 격려하고 있다. 2023.4.27/뉴스1 ⓒ News1 공정식 기자


(서울=뉴스1) 서장원 기자 = 연장 접전 끝에 값진 승리를 챙긴 두산 베어스 이승엽 감독이 끝내기 안타의 주인공 김재호를 칭찬했다.

두산은 25일 서울 잠실 구장에서 열린 2023 신한은행 SOL KBO리그 삼성과 경기에서 연장 11회말 김재호의 끝내기 안타에 힙입어 4-3으로 이겼다. 두산은 주중 3연전을 2승1패, 위닝시리즈로 마쳤다.

이날 경기 주인공은 김재호였다. 연장 11회말 2사 만루 찬스에서 타석에 들어선 김재호는 상대 투수 홍정우의 4구째 직구를 받아쳐 경기에 마침표를 찍었다. 김재호의 끝내기 안타는 개인 통산 4번째이자 지난 2020년 6월6일 잠실 KIA 타이거즈전 이후 3년 만이다.

경기 후 이 감독은 ""최고참 김재호가 최고의 타격으로 팀에 귀중한 1승을 안겼다. 노림수와 타격 모두 완벽했다""고 극찬했다.

이어 ""마운드에서는 위기 상황에서 무실점 피칭을 한 박정수의 배짱이 빛났다. 승리투수가 되지 못했지만 선발 최승용도 자신의 몫을 다했다""며 끝내기 승리에 발판을 놓은 마운드의 활약에도 박수를 보냈다.
기사제공 뉴스1
서장원 기자 (superpower@news1.kr)
현장에서 작성된 기사입니다.
서장원 기자
구독


구독자
1,159
응원수
255
서울교육청, 프로야구 단장 아들 '학폭' 의혹 조사
'3년 만의 끝내기' 두산 김재호 ""1군에서 더 많은 시간 보내고 싶다""
Copyright ⓒ 뉴스1. All rights reserved. 무단 전재 및 재배포 금지.
기사 섹션 분류 가이드
네이버에서 [뉴스1]을 구독하세요
세상에 이런 일이...[사건의 재구성]"
https://sports.news.naver.com/kbaseball/news/read?oid=109&aid=0004857814,"[OSEN=부산, 이석우 기자]롯데 자이언츠 안권수가 1회말 무사 1루 우중전 안타를 치고 2루까지 달려 세이프되고 있다. 2023.05.25 / foto0307@osen.co.kr


[OSEN=부산, 조형래 기자] 모두가 무모하다고 바라봤던 선택. 그런데 그 선택은 결국 과감한 판단이 됐고 경기의 초반 분위기를 바꾼 결정적인 장면이 됐다. ‘4월의 복덩이’였지만 5월에는 부진했던 안권수가 위닝시리즈를 이끌었다. 

안권수는 25일 부산 사직구장에서 열린 NC 다이노스와의 경기, 2번 좌익수로 선발 출장해 4타수 1안타 1득점을 기록했다. 경기의 히어로급 활약을 펼친 선수는 아니었지만 경기 분위기를 바꿔놓은 결정적인 플레이를 펼친 선수였다. 

4월 한 달 동안 타율 3할1푼8리 2홈런 12타점 10득점 OPS .815를 기록하면서 롯데 타선에 활력소를 불어넣었던 안권수다. 지난해 두산에서 방출된 이후 롯데에서 다시 기회를 잡은 안권수는 한 달 만에 롯데에 없어서는 안 될 선수가 됐다.

그러나 안권수의 5월은 다소 부침이 심했다. 경기에 꾸준히 출장은 했지만 우측 팔꿈치가 불편했다. 스윙을 제대로 돌리지 못하는 모습이 자주 보였다. 통증을 관리하면서 출장하는 게 버거웠다. 5월 타율은 1할8푼5리로 뚝 떨어졌다. OPS도 .452에 그쳤다. 

외국인 타자 잭 렉스가 빠져 있고 함께 돌격대를 형성했던 황성빈도 부상으로 한 달 넘게 이탈하고 있는 상황. 여기에 안권수까지 부진하면서 타선의 활기가 다소 떨어졌다. 여기에 타선도 집단 슬럼프에 빠져 있었다. 앞서 4경기 연속 3득점 이하의 경기를 펼쳤다.

더군다난 이날 NC의 선발 투수는 이용준이었다. 지난 4월23일 맞대결에서 롯데 타선은 이용준에게 안타를 단 한 개도 쳐내지 못했었다. 당시 이용준은 6이닝 3볼넷 5탈삼진 무실점 노히터로 롯데 타선을 완벽하게 틀어막았다. 시리즈 1승1패 상황에서 아픈 기억이 있는 투수를 상대해야 했다. 2연속 루징시리즈의 위기였다.

결국 이용준 상대 두려움을 떨쳐내는 게 우선이었다 .그렇기에 1회 초반 분위기가 중요했다. 일단 1회말 선두타자 김민석이 볼넷으로 걸어나가 기회를 잡았다. 그리고 2번 안권수가 등장했다. 안권수는 희생번트를 시도했지만 실패했다. 2스트라이크에 몰렸다. 하지만 1볼 2스트라이크에서 안권수는 집념으로 중전 안타를 뽑아냈다. 올해 이용준을 상대로 만든 롯데의 첫 안타였다.

김민석은 3루까지 향했다. 그리고 NC의 중계플레이가 다소 느슨하게 이뤄지는 틈을 타서 안권수는 2루에 도전했다. NC도 안권수의 움직임을 확인한 뒤 2루수 박민우가 잽싸게 커버를 들어왔고 2루에서 접전 상황을 만들었다. 초기 판정은 아웃이었다. 그러나 안권수가 확신에 찬 표정으로 비디오판독을 신청했다. 박민우의 태그가 안권수의 오른쪽 허벅지에 이뤄졌지만 안권수의 발이 먼저 2루에 도달한 것으로 확인됐다. 판정은 세이프로 번복됐다. 안권수의 무모할 수도 있었던 판단은 결국 과감한 선택이 됐다. 

[OSEN=부산, 이석우 기자]NC 다이노스 이용준이 2회말 1사 1,3루 롯데 자이언츠 김민석 타석때 롯데의 이중 도루에 포수 박세혁의 2루 송구를 커터하다 놓쳐 실점한 후 아쉬워하고 있다. 2023.05.25 / foto0307@osen.co.kr
결국 무사 2,3루 기회를 잡은 롯데는 전준우의 행운이 깃든 2루수 내야안타로 1점, 안치홍의 중견수 희생플라이로 1점을 더 뽑았다. 

1회에 2-0으로 리드를 잡은 롯데는 분위기를 몰았다. 그리고 2회 1사 1,3루에서 다시 한 번 뛰는 야구를 펼치면서 추가점을 뽑았다. 1사 1,3루에서 더블스틸로 3-0으로 달아나는 점수를 뽑았고 3회에는 5득점을 뽑아내는 빅이닝으로 승부에 일찌감치 쐐기를 박았다. 롯데의 11-1 승리, 위닝시리즈를 거두고 고척 키움 원정으로 떠나게 됐다. /jhrae@osen.co.kr

기사제공 OSEN
조형래 (jhrae@osen.co.kr)
현장에서 작성된 기사입니다.
조형래 기자
구독


구독자
4,567
응원수
1,986
열정을 담겠습니다
1만9011명과 함께 ‘탑데’ 등극…서튼 감독, “선수들이 더 힘이 났다” [부산 톡톡]
볼넷→볼넷→볼넷→첫 실점...'미스터 제로' 깨졌다, 철렁했던 서즈메의 문단속 [오!쎈 부산]
Copyright ⓒ OSEN. All rights reserved. 무단 전재 및 재배포 금지.
기사 섹션 분류 가이드
블핑도 나온다 'OSEN 연예'
류현진을 직캠으로? 'OSEN' TV"
https://sports.news.naver.com/kbaseball/news/read?oid=109&aid=0004857813,"[OSEN=인천, 박준형 기자] 25일 오후 인천 SSG 랜더스 필드에서 2023 신한은행 SOL KBO리그 SSG 랜더스와 LG 트윈스의 경기가 진행됐다.8회초 LG 선두타자 박동원이 솔로홈런을 날린뒤 동료들의 축하를 받고 있다. 2023.05.25 / soul1014@osen.co.kr


[OSEN=인천, 한용섭 기자] '공동 1위 빅매치'에서 LG 박동원이 홈런 2방을 터뜨리며 팀을 단독 1위로 이끌었다. 

박동원은 25일 인천 SSG랜더스필드에서 열린 SSG와 경기에 7번 포수로 선발 출장했다. LG와 SSG가 나란히 공동 1위, 3연전 마지막 경기는 위닝과 함께 단독 1위가 걸린 경기였다.  

박동원은 멀티 홈런을 터뜨리며 4타수 3안타 4타점 2득점으로 활약, 승리 수훈갑이 됐다. 시즌 11호, 12호 홈런으로 부문 1위를 질주했다. 

LG는 1회 대량 득점으로 기선을 제압했다. 1번타자 홍창기가 좌선상 2루타로 물꼬를 열었고, 문성주와 김현수가 잇따라 볼넷을 골라 무사 만루 찬스를 만들었다. 오스틴이 2루수 뜬공으로 아웃됐으나 오지환이 좌전 적시타로 선취점을 올렸다. 계속된 1사 만루에서 문보경이 중견수 희생플라이로 2-0으로 앞서 나갔다.

2-0으로 앞선 2사 1,2루에서 박동원은 상대 선발 송영진과 승부에서 2구째 직구(146km)를 공략해 좌중간 담장을 넘어가는 스리런 홈런을 터뜨렸다. 시즌 11호포, 5-0으로 점수 차를 벌렸다. 

3회 선두타자로 나와 우전 안타로 출루, 후속 타자의 희생번트로 2루로 진루했다. 후속타 불발로 득점은 무산.  

박동원은 8회 선두타자로 나와 풀카운트에서 문승원의 슬라이더를 끌어당겨 좌측 담장을 넘어가는 솔로 홈런을 터뜨렸다. 시즌 12호 홈런. 7-3으로 점수 차를 벌렸다.

지난 7일 두산전에서 멀티 홈런에 이어 시즌 2번째 1경기 2홈런 기록이다. 공교롭게 당시 7일 LG 선발 투수는 켈리였다. 올 시즌 2차례 멀티 홈런을 모두 켈리가 선발 등판한 경기에서 기록했다. 

박동원은 경기 후 '홈런왕'이라는 말에 ""아직 6월도 되지 않았다""고 웃으며 ""어제 쳤으면 더 좋았을텐데, 오늘 포인트를 앞에 두고 친 것이 좋은 결과가 나왔다. (빨랫줄 같은 두 번째 홈런은) 앞에서 잘 맞았다""고 홈런 상황에 대해 말했다. 

이날 선발 투수 켈리는 박동원의 홈런에 대해 ""오늘 두 개의 홈런은 야구 보는 맛이 나는 장면이었다. 정말 좋은 영입이다. 공수 모두에서 좋은 모습을 보여주고 있다""고 감탄했다.

MVP급 활약을 이어가고 있다. 박동원은 “그것보다는 이대로 시즌이 끝났으면 좋겠다고 생각하는 게 우리가 1위잖아요. 단독 1위가 됐을 때 빨리 시즌이 끝났으면 좋겠다는 생각은 많이 한다”고 웃으며 말했다.

SSG와 1위 맞대결에서 위닝을 거두며 단독 1위가 됐다. 박동원은 “다들 의식을 안 할 수가 없다고 생각한다. 현수 형이 좋은 말을 많이 해줬다. 시즌 많이 남았고 너무 부담 갖지 말고 우리가 하던 대로 하자고 했다. 선수들이 모두 다 잘해줬다”고 말했다.

/orange@osen.co.kr

기사제공 OSEN
한용섭 (orange@osen.co.kr)
현장에서 작성된 기사입니다.
한용섭 기자
구독


구독자
5,969
응원수
1,036
OSEN 한용섭 기자입니다.
9회까지 안타 0개, 그러나 '노히터'는 아니다...삼성 2군의 불명예 진기록
'생애 첫 만루 홈런' 공동 1위 이끈 유격수, ""홈플레이트에 많은 사람이 서 있더라구요""
Copyright ⓒ OSEN. All rights reserved. 무단 전재 및 재배포 금지.
기사 섹션 분류 가이드
블핑도 나온다 'OSEN 연예'
류현진을 직캠으로? 'OSEN' TV"
https://sports.news.naver.com/kbaseball/news/read?oid=117&aid=0003733426,"[마이데일리 = 대전 심혜진 기자] KIA 타이거즈가 선발 조기 강판 변수 속에서도 팽팽한 흐름으로 경기를 풀어갔다. 그러나 승부처에서 아쉬운 주루 플레이가 나오면서 뼈아픈 패배를 당했다.

KIA는 25일 대전 한화생명이글스파크에서 열린 2023 신한은행 SOL KBO리그 한화와 경기서 3-4로 졌다. 이날 패배로 루징시리즈를 기록하게 됐다. 또 다시 하루 만에 승률 5할이 무너졌다. 19승 20패.

이날 선발 투수 이의리가 2회에 갑작스럽게 내려가는 변수가 발생했다. 1회는 잘 막았지만 2회 선두타자 노시환에게 볼넷을 내주면서 흔들린 이의리는 김인환에게 던진 초구 직구가 손에서 빠졌다. 김인환의 머리를 강타했고, 결국 헤드샷 퇴장을 당했다. 몸이 덜 풀린 채 올라온 김기훈이 3연속 볼넷을 내주며 역전을 허용했고, 김대유 역시 몸에 맞는 볼로 실점했다.

하지만 KIA 타선은 집중력을 잃지 않았다. 한화 선발 문동주를 공략하는데 성공했다. 3회초 안타와 볼넷, 폭투로 2사 2, 3루 기회를 잡았다. 여기서 고종욱의 2타점 2루타가 터졌다. 3-3 동점이 됐다.

3회부터 올라온 임기영이 3이닝을 깔끔하게 막으면서 한화의 흐름을 끊었다.

그러나 KIA도 좀처럼 경기를 뒤집지 못했다. 문동주를 4이닝 만에 내려보냈지만 불펜을 공략하지 못했다.

결국 6회말 다시 리드를 빼앗겼다. 장현식이 올라와 안타와 포일로 2사 2루 위기를 맞았고, 박상언에게 역전 적시타를 헌납했다.

그러나 아직 KIA에게도 3번의 공격 기회가 남았기 때문에 낙담하기엔 일렀다.

7회 추격 기회가 왔다. 1사에서 박찬호가 정우람을 상대로 2루타를 뽑아냈다. 순식간에 득점권에 자리했다. 소크라테스 타석 때 1볼 2스트라이크에서 한화 배터리가 5구째 공을 뺐다. 이때 박찬호가 3루 도루를 감행했다. 한화 포수 박상언이 바로 미트에서 공을 꺼내 3루로 뿌렸고, 박찬호는 태그 아웃됐다. 송구가 너무나도 정확했다. 박찬호는 분한 듯 손으로 땅을 내리쳤다.

박찬호의 단독 도루인 듯 했다. 소크라테스-최형우-고종욱의 중심 타선으로 이어지는 때 3루 도루를 감행한 건 다소 이해하기 어려워 보였다. 단타 하나로도 충분히 박찬호의 발이라면 홈으로 들어올 수 있기 때문이다.

이미 앞선 타석에서 소크라테스와 최형우는 안타를 때려냈기에 타격감이 나쁜 것도 아니었다. 결국 흐름이 끊겼고, KIA는 끝내 반격하지 못하고 패했다.

[박찬호. 사진=마이데일리DB]

(대전=심혜진 기자 cherub0327@mydaily.co.kr)

기사제공 마이데일리
대전=심혜진 기자 cherub0327@mydaily.co.kr
현장에서 작성된 기사입니다.
심혜진 기자
구독


구독자
534
응원수
317
마이데일리 스포츠부 심혜진 기자입니다.
'윤영철 데뷔 최다 6이닝+QS→테스형 역전 투런포' KIA 하루 만에 5할 복귀! 한화 4-2 제압 [MD대전]
삼진 당한 후 배트 내려놓고 돌아선 KIA 황대인, 시즌 1호 '판정 항의' 퇴장 [MD대전]
Copyright ⓒ 마이데일리. All rights reserved. 무단 전재 및 재배포 금지.
기사 섹션 분류 가이드
▲ 마이데일리 연예부 신입 및 경력기자 채용 알림"
https://sports.news.naver.com/kbaseball/news/read?oid=001&aid=0013965534,"인터뷰하는 박동원
[연합뉴스 자료사진]


(인천=연합뉴스) 홍규빈 기자 = LG 트윈스 박동원이 구단 사상 첫 홈런왕에 오를 수 있을까.

박동원은 25일 인천 SSG랜더스필드에서 열린 SSG 랜더스전에서 1회 스리런포와 8회 솔로포로 팀의 8-3 대승을 이끌었다.

박동원은 시즌 11, 12번째 홈런을 터뜨려 이 부문 1위를 질주했고 LG는 SSG를 제치고 리그 단독 선두를 달리는 겹경사를 누렸다.

이 정도면 2023시즌 홈런왕을 노려볼 수 있는 페이스다.

LG 트윈스는 10개 구단 가운데 유일하게 홈런왕을 배출하지 못한 구단이다. 드넓은 잠실구장을 홈으로 사용한 탓도 있고, 잠실 라이벌 두산 베어스에는 장타력에서 밀렸다.

박동원을 바라보는 LG 팬들의 마음이 더욱 설레는 이유다.

박경완 LG 배터리 코치도 이따금 박동원에게 '너도 홈런왕을 할 수 있다'고 격려한다고 한다.

경기를 마친 박동원은 ""박 코치님이 그렇게 많이 말씀하시는데 저는 '주제를 알아야죠. 저는 코치님을 따라갈 수 없습니다'라고 답한다""며 ""제가 그 정도는 안 된다. 코치님 혼자 욕심내고 있다""고 말했다.

현역 시절 당대 최고의 포수로 평가받았던 박경완은 2000년(40홈런), 2004년(34홈런)에 각각 홈런왕에 올랐다. 통산 23시즌 동안 314홈런을 쳤다.

박동원은 ""코치님이 선수 때 홈런을 많이 치기 위해 공을 띄워 치는 연습을 많이 하셨다고 알려주셨다""며 ""감독님, 타격 코치님도 많이 도와주셔서 잘 맞아떨어진 것 같다""고 돌아봤다.

박동원은 개인 기록보다 이날 팀이 단독 1위가 된 것에 더 기뻐했다.

그는 ""저희가 1위니까 이대로 시즌이 끝났으면 좋겠다""며 ""팀이 워낙 잘하니까 제가 거기에 좀 묻어가는 것 같다""고 겸손하게 말했다.

bingo@yna.co.kr

기사제공 연합뉴스
홍규빈(bingo@yna.co.kr)
현장에서 작성된 기사입니다.
홍규빈 기자
구독


구독자
768
응원수
288
'홈런왕' 이승엽 두산 감독의 짜내기…김재호 끝내기로 대성공(종합)
LG, SSG 누르고 단독 1위…박동원 시즌 11·12호포로 홈런 선두
Copyright ⓒ 연합뉴스. All rights reserved. 무단 전재 및 재배포 금지.
기사 섹션 분류 가이드
[앱 다운] 빠르고 정확한 연합뉴스를 받아보세요
뉴스제보는 연합뉴스 okjebo 톡!"
